{
    "observation.state": {
        "mean": [
            0.5990415111406368,
            0.000844118851810097,
            0.09092492478207119,
            0.0,
            -0.031395900036758656,
            0.009266995054099458,
            0.0,
            0.004009729296554228,
            0.004023242117558435
        ],
        "std": [
            0.02940177321746907,
            0.028866359289306278,
            0.032576648365098416,
            0.0,
            0.985764120811599,
            0.16459684786427917,
            0.0,
            1.6561452386667633e-05,
            1.6615043444097142e-05
        ],
        "min": [
            0.5332289934158325,
            -0.0667831301689148,
            0.02788354456424713,
            -0.0,
            -0.9999994039535522,
            -0.38074085116386414,
            -0.0,
            0.0038988394662737846,
            0.00391134200617671
        ],
        "max": [
            0.6583023071289062,
            0.06235574930906296,
            0.18002615869045258,
            -0.0,
            0.9999989867210388,
            0.39180994033813477,
            -0.0,
            0.004392649512737989,
            0.004408310633152723
        ],
        "q01": [
            0.5491914373636245,
            -0.04819056883454323,
            0.03159398283809423,
            0.0,
            -0.9999193340539932,
            -0.3130172497034073,
            0.0,
            0.00396651157643646,
            0.003979759309440851
        ],
        "q99": [
            0.6500920289754868,
            0.04890804145485163,
            0.15849933877587316,
            0.0,
            0.9999328690767288,
            0.3158560416102409,
            0.0,
            0.004037497555837035,
            0.004051133752800524
        ]
    },
    "action": {
        "mean": [
            -0.10012561954852117,
            0.09807474379077906,
            -0.08989259617878918,
            -0.06902628902199384,
            0.09115874535111536,
            0.45006081455349806,
            1.0
        ],
        "std": [
            0.48259692182785957,
            0.47015695459953183,
            0.48198309279259227,
            0.5908834508842467,
            0.5720488099678224,
            0.49555512212900743,
            0.0
        ],
        "min": [
            -1.0,
            -1.0,
            -1.0,
            -1.0,
            -1.0,
            -1.0,
            1.0
        ],
        "max": [
            1.0,
            1.0,
            1.0,
            1.0,
            1.0,
            1.0,
            1.0
        ],
        "q01": [
            -1.0,
            -1.0,
            -1.0,
            -1.0,
            -1.0,
            -1.0,
            1.0
        ],
        "q99": [
            1.0,
            1.0,
            1.0,
            1.0,
            1.0,
            1.0,
            1.0
        ]
    },
    "timestamp": {
        "mean": 2.9666704545454547,
        "std": 1.6934536236610385,
        "min": 0.067,
        "max": 5.867,
        "q01": 0.067,
        "q99": 5.867
    },
    "annotation.human.action.task_description": {
        "mean": 0.0,
        "std": 0.0,
        "min": 0.0,
        "max": 0.0,
        "q01": 0.0,
        "q99": 0.0
    },
    "task_index": {
        "mean": 0.0,
        "std": 0.0,
        "min": 0.0,
        "max": 0.0,
        "q01": 0.0,
        "q99": 0.0
    },
    "episode_index": {
        "mean": 127.5,
        "std": 73.90027063549903,
        "min": 0.0,
        "max": 255.0,
        "q01": 2.0,
        "q99": 253.0
    },
    "index": {
        "mean": 11391.0,
        "std": 6577.173138970876,
        "min": 0.0,
        "max": 22782.0,
        "q01": 227.27,
        "q99": 22554.73
    },
    "next.reward": {
        "mean": 0.6548295454545454,
        "std": 0.4754238233979643,
        "min": 0.0,
        "max": 1.0,
        "q01": 0.0,
        "q99": 1.0
    }
}